epoch,lr-Adam,step,test0_epoch/per_atom_energy_mae,test0_epoch/per_atom_energy_maxabserr,test0_epoch/per_atom_energy_rmse,test0_epoch/total_energy_mae,test0_epoch/total_energy_maxabserr,test0_epoch/total_energy_rmse,test0_epoch/weighted_sum,train_loss_epoch/per_atom_energy_mse,train_loss_epoch/weighted_sum,train_loss_step/per_atom_energy_mse,train_loss_step/weighted_sum,train_metric_epoch/per_atom_energy_mae,train_metric_epoch/per_atom_energy_maxabserr,train_metric_epoch/per_atom_energy_rmse,train_metric_epoch/total_energy_mae,train_metric_epoch/total_energy_maxabserr,train_metric_epoch/total_energy_rmse,train_metric_epoch/weighted_sum,train_metric_step/per_atom_energy_mae,train_metric_step/per_atom_energy_maxabserr,train_metric_step/per_atom_energy_rmse,train_metric_step/total_energy_mae,train_metric_step/total_energy_maxabserr,train_metric_step/total_energy_rmse,train_metric_step/weighted_sum,val0_epoch/per_atom_energy_mae,val0_epoch/per_atom_energy_maxabserr,val0_epoch/per_atom_energy_rmse,val0_epoch/total_energy_mae,val0_epoch/total_energy_maxabserr,val0_epoch/total_energy_rmse,val0_epoch/weighted_sum
,0.005,0,,,,,,,,,,,,,,,,,,,,,,,,,,,,,,,,
0,,9,,,,,,,,,,38167.8694790857,38167.8694790857,,,,,,,,132.15933238215285,357.41140899054074,195.36598854223755,1758.6950269182003,4288.936907886489,2487.9945251103327,1758.6950269182003,,,,,,,
0,,15,,,,,,,,,,,,,,,,,,,,,,,,,,63.54708015500027,245.342034383071,93.29123352088307,1082.7424724128348,3189.446446979924,1449.422289083216,1082.7424724128348
0,,15,,,,,,,,17183.2051890859,17183.2051890859,,,98.93212766917297,357.41140899054074,131.08472523175956,1688.0117247962887,6113.991318362199,2156.6288367998477,1688.0117247962887,,,,,,,,,,,,,,
,0.005,16,,,,,,,,,,,,,,,,,,,,,,,,,,,,,,,,
1,,19,,,,,,,,,,13201.863731363987,13201.863731363987,,,,,,,,95.16637793873858,216.0306950435704,114.89936349416382,1507.1117125158246,2808.3990355664155,1674.333731149573,1507.1117125158246,,,,,,,
1,,29,,,,,,,,,,6678.77060510782,6678.77060510782,,,,,,,,54.165185267120286,173.3284870131722,81.72374566249286,843.2793652667609,2426.5988181844114,1187.3777168441875,843.2793652667609,,,,,,,
1,,31,,,,,,,,,,,,,,,,,,,,,,,,,,49.4573983698195,177.40960144693167,68.21624818169724,850.3632952666937,2306.3248188101115,1061.4626769120036,850.3632952666937
1,,31,,,,,,,,13167.296273346039,13167.296273346039,,,88.59361966456284,323.9862452126489,114.74883996514318,1504.3498786991559,3971.25698556474,1845.6623508870093,1504.3498786991559,,,,,,,,,,,,,,
,0.005,32,,,,,,,,,,,,,,,,,,,,,,,,,,,,,,,,
2,,39,,,,,,,,,,9629.686700900264,9629.686700900264,,,,,,,,74.11558779594763,191.70814822313253,98.13096708430149,1221.3876399980068,3067.3303715701204,1596.5591952558334,1221.3876399980068,,,,,,,
2,,47,,,,,,,,,,,,,,,,,,,,,,,,,,46.78918640279147,80.04437225882634,52.01674817105275,870.0529557314719,1680.9318174353539,986.3558236410689,870.0529557314719
2,,47,,,,,,,,6754.767492455515,6754.767492455515,,,64.61769140064335,249.55031566373816,82.18739253958307,1144.380398966083,3741.1797197778906,1423.654400304999,1144.380398966083,,,,,,,,,,,,,,
,0.005,48,,,,,,,,,,,,,,,,,,,,,,,,,,,,,,,,
3,,49,,,,,,,,,,4726.2944124394735,4726.2944124394735,,,,,,,,56.728926438821034,120.87759842521484,68.74805024463947,888.889299537527,1692.286377953007,1052.0334922167087,888.889299537527,,,,,,,
3,,59,,,,,,,,,,5689.81873140752,5689.81873140752,,,,,,,,67.60256785625442,127.0681200664551,75.43088711799378,1115.6789289215035,2414.294281262646,1317.5805160382947,1115.6789289215035,,,,,,,
3,,63,,,,,,,,,,,,,,,,,,,,,,,,,,34.637902975756354,77.61545406435084,42.4051204558115,642.5748393787201,1629.9245353513688,800.5534400513139,642.5748393787201
3,,63,,,,,,,,4491.838391597447,4491.838391597447,,,55.087496105502375,162.27632306167698,67.02117867955955,989.8720934488299,2703.7643075927153,1205.445356692444,989.8720934488299,,,,,,,,,,,,,,
,0.005,64,,,,,,,,,,,,,,,,,,,,,,,,,,,,,,,,
4,,69,,,,,,,,,,2900.197600763748,2900.197600763748,,,,,,,,33.619174527503766,114.6809427883091,53.85348271712562,700.3073713633191,2522.980741342799,1164.0143950233053,700.3073713633191,,,,,,,
4,,79,,,,,,,,,,3039.234368974573,3039.234368974573,,,,,,,,47.725795491814836,82.11643076867688,55.129251482081386,828.1421229147276,1597.1551848277995,979.8549649787411,828.1421229147276,,,,,,,
4,,79,,,,,,,,,,,,,,,,,,,,,,,,,,25.22279997930325,47.57527458731374,28.463644379897563,458.7868130763538,873.8101800673048,521.5290542325902,458.7868130763538
4,,79,,,,,,,,2999.131035602117,2999.131035602117,,,42.946001775375315,156.62192365857447,54.764322652636885,781.0055047686197,2522.980741342799,1003.6724691596105,781.0055047686197,,,,,,,,,,,,,,
,0.005,80,,,,,,,,,,,,,,,,,,,,,,,,,,,,,,,,
5,,89,,,,,,,,,,2504.61857466307,2504.61857466307,,,,,,,,44.616701557265415,81.44674253678329,50.04616443508004,787.2924169752496,1320.188641673356,871.504029839539,787.2924169752496,,,,,,,
5,,95,,,,,,,,,,,,,,,,,,,,,,,,,,21.627714531592396,37.72323799295492,23.871434314984572,408.85272205278307,792.1879978520537,455.56134774423117,408.85272205278307
5,,95,,,,,,,,2039.3645803985842,2039.3645803985842,,,36.0480119595114,112.73768690332963,45.159324401485286,627.7253804296889,1505.754162184523,764.5921150251121,627.7253804296889,,,,,,,,,,,,,,
,0.005,96,,,,,,,,,,,,,,,,,,,,,,,,,,,,,,,,
6,,99,,,,,,,,,,455.2574287271289,455.2574287271289,,,,,,,,17.95128247633513,34.69651133765626,21.336762376872667,380.2031104231115,798.0197607660939,463.22826689693903,380.2031104231115,,,,,,,
6,,109,,,,,,,,,,1437.3053533516209,1437.3053533516209,,,,,,,,27.85245835202189,76.64847286973406,37.911810209374345,483.7947625627552,1226.375565915745,627.3086915707498,483.7947625627552,,,,,,,
6,,111,,,,,,,,,,,,,,,,,,,,,,,,,,20.76450347823782,36.703584165913526,22.725666662226512,385.7170561166055,770.775267484185,429.14363057328205,385.7170561166055
6,,111,,,,,,,,1298.3871781080325,1298.3871781080325,,,29.136288709846564,90.80551439870999,36.03313999789683,510.5264249546055,1362.0827159806504,617.7282899147725,510.5264249546055,,,,,,,,,,,,,,
,0.005,112,,,,,,,,,,,,,,,,,,,,,,,,,,,,,,,,
7,,119,,,,,,,,,,750.495861673802,750.495861673802,,,,,,,,17.84635118476955,55.0754033591071,27.395179533520164,347.3885423088981,991.3572604639285,521.3763594740351,347.3885423088981,,,,,,,
7,,127,,,,,,,,,,,,,,,,,,,,,,,,,,20.14235237964092,32.70987191217944,22.215649261559356,368.03699954288805,686.9073101557697,410.64177674190825,368.03699954288805
7,,127,,,,,,,,1377.970366168084,1377.970366168084,,,28.84623988292709,101.21269957574486,37.12102323708338,501.66334453771276,1355.8882626457435,620.0829353630578,501.66334453771276,,,,,,,,,,,,,,
,0.005,128,,,,,,,,,,,,,,,,,,,,,,,,,,,,,,,,
8,,129,,,,,,,,,,924.7309894581506,924.7309894581506,,,,,,,,25.990899344577464,43.607781195132475,30.40938982383814,498.9743466304899,975.9100800896867,592.9801251350169,498.9743466304899,,,,,,,
8,,139,,,,,,,,,,1523.5700893773642,1523.5700893773642,,,,,,,,31.79213979811997,62.25618959564349,39.03293595641205,546.1086805537449,996.0990335302959,646.0946188194511,546.1086805537449,,,,,,,
8,,143,,,,,,,,,,,,,,,,,,,,,,,,,,17.95030645677189,31.759011742035682,20.259782028755904,329.49566794919576,571.6185495699319,372.83830892720204,329.49566794919576
8,,143,,,,,,,,936.0747461495821,936.0747461495821,,,24.440387137324187,75.56026916573705,30.595338634334187,432.17666106725335,1029.5167553182255,526.3768305180122,432.17666106725335,,,,,,,,,,,,,,
,0.005,144,,,,,,,,,,,,,,,,,,,,,,,,,,,,,,,,
9,,149,,,,,,,,,,1373.8518840637917,1373.8518840637917,,,,,,,,31.85048848954666,58.15418847015019,37.06550801032938,553.4898462115209,1046.7753924627032,664.4079243633316,553.4898462115209,,,,,,,
9,,159,,,,,,,,,,1422.2818769455378,1422.2818769455378,,,,,,,,31.719907793805124,65.77565749222651,37.7131525723525,492.6262681074524,1052.4105198756242,590.5019942734414,492.6262681074524,,,,,,,
9,,159,,,,,,,,,,,,,,,,,,,,,,,,,,18.18874639935038,31.68171577929104,20.417339065332158,334.1473461656371,609.5107716627535,378.0043595667878,334.1473461656371
9,,159,,,,,,,,916.1444734526056,916.1444734526056,,,24.204170582098357,72.03877364494281,30.26787857535783,422.80658645612596,1224.6591519640278,517.8327229765786,422.80658645612596,,,,,,,,,,,,,,
,0.005,160,,,,,,,,,,,,,,,,,,,,,,,,,,,,,,,,
10,,169,,,,,,,,,,1054.321494062359,1054.321494062359,,,,,,,,24.861109390285765,64.86721432843478,32.47031712291026,435.0545562974377,908.141000598087,518.4035089251329,435.0545562974377,,,,,,,
10,,175,,,,,,,,,,,,,,,,,,,,,,,,,,19.480072214087063,34.35680374372396,21.980503373364353,348.1326495239276,618.4224673870322,390.77804259905054,348.1326495239276
10,,175,,,,,,,,898.6839169451823,898.6839169451823,,,23.389442822860094,78.20535242551341,29.978057257687368,402.80690522610394,1207.822953732324,500.4994840718388,402.80690522610394,,,,,,,,,,,,,,
,0.005,176,,,,,,,,,,,,,,,,,,,,,,,,,,,,,,,,
11,,179,,,,,,,,,,99.1112064562853,99.1112064562853,,,,,,,,7.628781358257617,15.95209766118819,9.955461137299734,136.96474608234894,334.9940508849504,183.09859073627823,136.96474608234894,,,,,,,
11,,189,,,,,,,,,,654.7553570582481,654.7553570582481,,,,,,,,21.65789124510686,39.88070229316082,25.58818784240588,420.680200459815,837.4947481563777,500.4451214006856,420.680200459815,,,,,,,
11,,191,,,,,,,,,,,,,,,,,,,,,,,,,,19.590960046460783,40.06773252964638,22.315641785970158,348.1057720362272,721.219185533635,390.8963404351959,348.1057720362272
11,,191,,,,,,,,726.9019213921575,726.9019213921575,,,21.572160531981755,81.27624441254682,26.961118696970967,382.2251718938332,1219.1436661882017,468.7769210777818,382.2251718938332,,,,,,,,,,,,,,
,0.005,192,,,,,,,,,,,,,,,,,,,,,,,,,,,,,,,,
12,,199,,,,,,,,,,348.1973482852226,348.1973482852226,,,,,,,,15.067259335234883,36.62801222339624,18.6600468457403,280.91726715035804,622.6762077977364,332.44204702798027,280.91726715035804,,,,,,,
12,,207,,,,,,,,,,,,,,,,,,,,,,,,,,17.31849438872476,40.229282449497646,20.455781699788034,307.80988218050754,724.1270840909583,360.72283942021875,307.80988218050754
12,,207,,,,,,,,637.5052113913555,637.5052113913555,,,18.73160543491,76.31947748372238,25.248865546621207,315.45710213929675,1144.792162255837,405.43301832796686,315.45710213929675,,,,,,,,,,,,,,
,0.005,208,,,,,,,,,,,,,,,,,,,,,,,,,,,,,,,,
13,,209,,,,,,,,,,459.6497268749781,459.6497268749781,,,,,,,,19.12024558429537,32.734750804084115,21.439443250116785,365.0836961409899,621.0895001860608,405.2478938457158,365.0836961409899,,,,,,,
13,,219,,,,,,,,,,312.35833629221327,312.35833629221327,,,,,,,,13.91346733636458,31.809462071463145,17.673662220723052,241.24227313685697,572.5703172863359,308.7037438658916,241.24227313685697,,,,,,,
13,,223,,,,,,,,,,,,,,,,,,,,,,,,,,17.36381867857306,42.1510336028565,20.921972656563884,305.33140931686955,758.7186048514177,364.82614183819,305.33140931686955
13,,223,,,,,,,,563.7511391347217,563.7511391347217,,,18.863955967434965,68.65163813534514,23.743444129584944,330.6717566270279,1098.4262101655222,402.5020756724297,330.6717566270279,,,,,,,,,,,,,,
,0.005,224,,,,,,,,,,,,,,,,,,,,,,,,,,,,,,,,
14,,229,,,,,,,,,,48.72313724031088,48.72313724031088,,,,,,,,6.420178925249604,9.528313941191982,6.980196074632207,130.40578233362504,203.3427563316909,141.3217937565576,130.40578233362504,,,,,,,
14,,239,,,,,,,,,,835.4960862781406,835.4960862781406,,,,,,,,25.57899371156849,46.737931302913466,28.90494916581139,479.9311830557723,841.2827634524438,546.5835633288879,479.9311830557723,,,,,,,
14,,239,,,,,,,,,,,,,,,,,,,,,,,,,,18.304771684306786,46.16044092340553,22.17259412365035,320.1396027417297,830.8879366212986,383.44707005484275,320.1396027417297
14,,239,,,,,,,,410.78726779285154,410.78726779285154,,,15.648432534676711,68.27246761132324,20.26788760065665,275.2769708225892,875.5220325930986,345.97986589425363,275.2769708225892,,,,,,,,,,,,,,
,0.005,240,,,,,,,,,,,,,,,,,,,,,,,,,,,,,,,,
15,,249,,,,,,,,,,289.9231651223023,289.9231651223023,,,,,,,,14.322345420584032,28.88015570149696,17.027130266791943,257.02812618395217,433.2023355224537,289.761824660374,257.02812618395217,,,,,,,
15,,255,,,,,,,,,,,,,,,,,,,,,,,,,,16.62911088145857,44.90942581459899,21.28002019108622,288.09108622771635,808.3696646627814,367.26415633354907,288.09108622771635
15,,255,,,,,,,,475.1718253946557,475.1718253946557,,,17.416589252788278,64.8082486982596,21.79843630618159,309.95344659590205,1036.9319791721537,384.69616837056304,309.95344659590205,,,,,,,,,,,,,,
,0.005,256,,,,,,,,,,,,,,,,,,,,,,,,,,,,,,,,
16,,259,,,,,,,,,,103.48068882745387,103.48068882745387,,,,,,,,9.330677703309515,13.807734121341127,10.172545838061083,173.14377064372675,250.23627016611135,190.20885330500113,173.14377064372675,,,,,,,
16,,269,,,,,,,,,,460.50413017518576,460.50413017518576,,,,,,,,18.379959275511943,36.42722150514294,21.459359966578354,274.25005086205203,473.5538795668581,315.87137050003054,274.25005086205203,,,,,,,
16,,271,,,,,,,,,,,,,,,,,,,,,,,,,,15.992604957753576,42.725846745950776,20.64937030143361,276.8420053040947,769.0652414271135,356.8011590679513,276.8420053040947
16,,271,,,,,,,,457.62241388480254,457.62241388480254,,,17.06872651038508,62.47815297212708,21.392111019831646,301.3293873511756,999.6504475540332,371.8721020797537,301.3293873511756,,,,,,,,,,,,,,
,0.005,272,,,,,,,,,,,,,,,,,,,,,,,,,,,,,,,,
17,,279,,,,,,,,,,458.2451571310412,458.2451571310412,,,,,,,,19.244519209685155,34.384535508255794,21.406661512973976,343.7335440863353,481.3834971155811,364.7052912804448,343.7335440863353,,,,,,,
17,,287,,,,,,,,,,,,,,,,,,,,,,,,,,15.975843677017428,41.0032901359416,20.725561770244507,277.5757278777688,738.0592224469492,362.124418514403,277.5757278777688
17,,287,,,,,,,,239.0724621893765,239.0724621893765,,,11.999324782954616,42.821812924054825,15.46196825082035,209.61430595936963,576.9712080306927,262.996077731601,209.61430595936963,,,,,,,,,,,,,,
,0.005,288,,,,,,,,,,,,,,,,,,,,,,,,,,,,,,,,
18,,289,,,,,,,,,,346.84662541212623,346.84662541212623,,,,,,,,15.029202061067167,31.381893154370005,18.623818765551984,306.44130277428667,659.0197562417688,384.7179254731839,306.44130277428667,,,,,,,
18,,299,,,,,,,,,,54.55880880350461,54.55880880350461,,,,,,,,5.8608544863910765,12.979242331120531,7.386393490974104,96.55200663921751,207.6678772979285,119.43925194747561,96.55200663921751,,,,,,,
18,,303,,,,,,,,,,,,,,,,,,,,,,,,,,15.604356807986766,39.87044082353043,20.30810049684154,272.4207910145662,717.6679348235484,357.3923854852352,272.4207910145662
18,,303,,,,,,,,248.20785449370564,248.20785449370564,,,12.190270473875357,50.54219635616198,15.754613752602939,218.38794614999378,659.0197562417688,277.8471259054765,218.38794614999378,,,,,,,,,,,,,,
,0.005,304,,,,,,,,,,,,,,,,,,,,,,,,,,,,,,,,
19,,309,,,,,,,,,,185.45261036031616,185.45261036031616,,,,,,,,12.302640061637373,18.407449689188866,13.618098632346447,220.43074546996286,305.9621543599569,240.854069574239,220.43074546996286,,,,,,,
19,,319,,,,,,,,,,51.274817903577556,51.274817903577556,,,,,,,,6.278001316453333,10.846148802980679,7.160643679417205,125.28560467635035,224.27146337034173,144.19979167852858,125.28560467635035,,,,,,,
19,,319,,,,,,,,,,,,,,,,,,,,,,,,,,15.000720255503262,38.424023783274606,19.782007548829796,263.2789165069131,691.6324280989429,350.6907364241775,263.2789165069131
19,,319,,,,,,,,219.8937126319285,219.8937126319285,,,11.585367104859952,37.36252556800082,14.828813594887775,203.72450272717796,635.7228679751115,255.56767213415273,203.72450272717796,,,,,,,,,,,,,,
,0.005,320,,,,,,,,,,,,,,,,,,,,,,,,,,,,,,,,
20,,329,,,,,,,,,,343.71031513239006,343.71031513239006,,,,,,,,13.361447958989197,38.53331121600456,18.539425965557566,217.6732528712273,616.532979456073,297.6706068536554,217.6732528712273,,,,,,,
20,,335,,,,,,,,,,,,,,,,,,,,,,,,,,14.960860918436305,37.483704446965476,19.751702532525414,264.1906841182945,674.7066800453795,353.0962389840599,264.1906841182945
20,,335,,,,,,,,204.70747646387733,204.70747646387733,,,11.329924879042885,38.53331121600456,14.307602051492673,195.7293508035331,617.5155914149491,237.64500929247268,195.7293508035331,,,,,,,,,,,,,,
,0.005,336,,,,,,,,,,,,,,,,,,,,,,,,,,,,,,,,
21,,339,,,,,,,,,,32.34924862649473,32.34924862649473,,,,,,,,4.4885920126619,8.740230599719155,5.687639987419626,92.38426841806067,192.28507319382152,120.90945490846497,92.38426841806067,,,,,,,
21,,349,,,,,,,,,,1046.7602561317128,1046.7602561317128,,,,,,,,31.734103834741244,40.148740022537595,32.353674538322736,544.6388482846709,608.14631608733,549.8262388764833,544.6388482846709,,,,,,,
21,,351,,,,,,,,,,,,,,,,,,,,,,,,,,14.2823883428746,35.82219130780618,19.054233321119792,254.39463609180493,644.7994435405108,344.753933042476,254.39463609180493
21,,351,,,,,,,,283.6495702391639,283.6495702391639,,,13.158549175685257,45.339366832719634,16.841899246794107,234.08415209897106,634.7511356580744,292.6811734866265,234.08415209897106,,,,,,,,,,,,,,
,0.005,352,,,,,,,,,,,,,,,,,,,,,,,,,,,,,,,,
22,,359,,,,,,,,,,537.5641669386457,537.5641669386457,,,,,,,,20.49852675196296,29.86697614674563,23.185430057228736,371.0329721410184,627.206499081658,424.9359320446761,371.0329721410184,,,,,,,
22,,367,,,,,,,,,,,,,,,,,,,,,,,,,,15.632693957736654,37.09139296018873,20.379485010981167,278.0618412047226,667.6450732833964,368.1005231735897,278.0618412047226
22,,367,,,,,,,,381.9063902672727,381.9063902672727,,,15.605876167150186,54.65053947243928,19.542425393672932,274.5607114798763,886.3554187654099,335.3756878082515,274.5607114798763,,,,,,,,,,,,,,
,0.005,368,,,,,,,,,,,,,,,,,,,,,,,,,,,,,,,,
23,,369,,,,,,,,,,297.27687958264295,297.27687958264295,,,,,,,,14.180729020288481,26.19020949629396,17.24171915971963,219.43667853498627,419.04335194070336,265.1428330690941,219.43667853498627,,,,,,,
23,,379,,,,,,,,,,245.4338548148043,245.4338548148043,,,,,,,,12.748804080123545,26.244329965685324,15.666328696117809,255.12600863404222,603.6195892107626,331.45431121652064,255.12600863404222,,,,,,,
23,,383,,,,,,,,,,,,,,,,,,,,,,,,,,15.21519069749208,34.356791437484844,19.923714106301805,270.72880362064535,682.3544803816385,359.7676466813357,270.72880362064535
23,,383,,,,,,,,209.18940905175387,209.18940905175387,,,11.650117834176289,32.84498887504674,14.463381660308693,209.19624024265423,603.6195892107626,259.6252903769687,209.19624024265423,,,,,,,,,,,,,,
,0.005,384,,,,,,,,,,,,,,,,,,,,,,,,,,,,,,,,
24,,389,,,,,,,,,,245.30389352091598,245.30389352091598,,,,,,,,13.863459292528706,21.31844692485265,15.662180356544104,243.3833553305438,405.0504915722013,284.61970865180416,243.3833553305438,,,,,,,
24,,399,,,,,,,,,,118.37958741027246,118.37958741027246,,,,,,,,9.718990278941032,15.242138586074134,10.880238389404548,192.15635125954176,335.3270488936305,218.79640232038878,192.15635125954176,,,,,,,
24,,399,,,,,,,,,,,,,,,,,,,,,,,,,,14.591842716105152,32.85623088137845,19.177154248191577,258.8916928132294,663.4525030860823,346.42420169508523,258.8916928132294
24,,399,,,,,,,,283.0126525898474,283.0126525898474,,,13.25547597892494,48.081000290467614,16.822979896256413,232.1368704121649,783.704203660136,285.81323542701676,232.1368704121649,,,,,,,,,,,,,,
,0.005,400,,,,,,,,,,,,,,,,,,,,,,,,,,,,,,,,
25,,409,,,,,,,,,,86.52275318892676,86.52275318892676,,,,,,,,6.455463430482882,18.823400502671916,9.301760757454836,119.94777056630883,338.8212090480938,169.72027172599178,119.94777056630883,,,,,,,
25,,415,,,,,,,,,,,,,,,,,,,,,,,,,,13.942398109067351,31.555521043522504,18.1514375242909,250.22445232018708,652.6364599190474,333.65246076406595,250.22445232018708
25,,415,,,,,,,,174.02086267338026,174.02086267338026,,,10.501405002831799,32.384516276999534,13.19169673216377,187.84608928776788,579.7480067593096,236.06651863111202,187.84608928776788,,,,,,,,,,,,,,
,0.005,416,,,,,,,,,,,,,,,,,,,,,,,,,,,,,,,,
26,,419,,,,,,,,,,745.1029111250115,745.1029111250115,,,,,,,,19.389170997777956,57.00541956746872,27.296573248761675,288.9805384378589,684.0650348096242,356.2230390306464,288.9805384378589,,,,,,,
26,,429,,,,,,,,,,141.44321699969169,141.44321699969169,,,,,,,,10.936969240256598,15.36807401356964,11.892990246346445,211.77627193869995,307.3614802713928,230.77231439065366,211.77627193869995,,,,,,,
26,,431,,,,,,,,,,,,,,,,,,,,,,,,,,13.134556347352184,30.89608889827639,17.18675291130543,237.13272743556664,608.760392136046,318.05273494319675,237.13272743556664
26,,431,,,,,,,,342.6020165663112,342.6020165663112,,,14.479253135635982,57.00541956746872,18.509511516145185,247.8938618520267,766.2166358511386,302.74917265464734,247.8938618520267,,,,,,,,,,,,,,
,0.005,432,,,,,,,,,,,,,,,,,,,,,,,,,,,,,,,,
27,,439,,,,,,,,,,126.06537914539179,126.06537914539179,,,,,,,,10.498996642813415,15.196049406538634,11.227884001244036,205.00672071626104,319.11703753731126,220.78373029276577,205.00672071626104,,,,,,,
27,,447,,,,,,,,,,,,,,,,,,,,,,,,,,13.594822671009348,31.026560820894247,17.640525687490435,246.2167378900258,632.9538243936786,327.1539478122602,246.2167378900258
27,,447,,,,,,,,202.21310915718544,202.21310915718544,,,11.852369495473647,34.395062903215944,14.220165581215483,213.7417485180963,619.1111322578854,254.8308395736302,213.7417485180963,,,,,,,,,,,,,,
,0.005,448,,,,,,,,,,,,,,,,,,,,,,,,,,,,,,,,
28,,449,,,,,,,,,,186.80985700048583,186.80985700048583,,,,,,,,10.242544291786022,25.820551092380242,13.667840246377107,164.75307671865667,413.1288174780839,216.41622360260953,164.75307671865667,,,,,,,
28,,459,,,,,,,,,,103.44405872419884,103.44405872419884,,,,,,,,8.38359262972707,18.645399875594194,10.17074523937154,168.3180328476712,428.84419713866737,221.18850625055288,168.3180328476712,,,,,,,
28,,463,,,,,,,,,,,,,,,,,,,,,,,,,,14.256776866752933,31.8194765223854,18.00417228925219,257.7585055359894,668.2090069700935,333.25741202379567,257.7585055359894
28,,463,,,,,,,,180.34179508993324,180.34179508993324,,,11.139996300125347,33.05073564115162,13.429139774755985,195.8191852200806,474.4336140080268,231.89616215351828,195.8191852200806,,,,,,,,,,,,,,
,0.005,464,,,,,,,,,,,,,,,,,,,,,,,,,,,,,,,,
29,,469,,,,,,,,,,74.41599070452668,74.41599070452668,,,,,,,,7.781702451472631,10.693788838784883,8.62647035029546,159.7720593550119,245.94529305586002,180.19917879076303,159.7720593550119,,,,,,,
29,,479,,,,,,,,,,205.70532530650513,205.70532530650513,,,,,,,,11.433707478488827,26.90846490556862,14.342430941319018,173.41858766327277,430.53543848909794,220.1207852505141,173.41858766327277,,,,,,,
29,,479,,,,,,,,,,,,,,,,,,,,,,,,,,14.132231282745101,30.14699206844375,17.81981928497047,253.29146593276383,633.086833437319,325.84957613671605,253.29146593276383
29,,479,,,,,,,,150.473668657671,150.473668657671,,,9.952941683899054,33.47902823337972,12.266770914045432,174.69519812881825,488.9682029522337,211.16641050665422,174.69519812881825,,,,,,,,,,,,,,
,0.005,480,,,,,,,,,,,,,,,,,,,,,,,,,,,,,,,,
30,,489,,,,,,,,,,239.01784760325376,239.01784760325376,,,,,,,,12.39715523492264,27.249815935189986,15.460202055705926,213.06364771806292,435.9970549630398,262.3246977756064,213.06364771806292,,,,,,,
30,,495,,,,,,,,,,,,,,,,,,,,,,,,,,13.281283730130507,28.854262721374084,16.79797614739483,239.73427480578084,601.4279122103017,310.3714707171645,239.73427480578084
30,,495,,,,,,,,119.83051270203809,119.83051270203809,,,8.525476737294937,31.758959823282794,10.94671241524313,149.52305414240072,562.2772596951272,188.79127954581543,149.52305414240072,,,,,,,,,,,,,,
,0.005,496,,,,,,,,,,,,,,,,,,,,,,,,,,,,,,,,
31,,499,,,,,,,,,,91.45951505860431,91.45951505860431,,,,,,,,8.840521730171213,12.061072286084368,9.563446818935331,166.95041302497992,241.2214457216869,181.08133802290178,166.95041302497992,,,,,,,
31,,509,,,,,,,,,,262.4458067134648,262.4458067134648,,,,,,,,12.717308581587577,29.905268820023593,16.200179218560045,197.14658373101264,358.8632258402831,235.1889286625125,197.14658373101264,,,,,,,
31,,511,,,,,,,,,,,,,,,,,,,,,,,,,,12.816044068719851,28.731293938102908,16.29099593022717,233.04830121028627,603.3571727001618,303.86275072115296,233.04830121028627
31,,511,,,,,,,,107.15021485047573,107.15021485047573,,,8.3391889251613,29.905268820023593,10.351338795077462,147.13804741819348,453.2720339489424,177.45604601333932,147.13804741819348,,,,,,,,,,,,,,
,0.005,512,,,,,,,,,,,,,,,,,,,,,,,,,,,,,,,,
32,,519,,,,,,,,,,211.0065369790214,211.0065369790214,,,,,,,,12.887820675351758,23.784271248083996,14.526064056688632,210.47918132591332,332.9797974731755,236.946306027673,210.47918132591332,,,,,,,
32,,527,,,,,,,,,,,,,,,,,,,,,,,,,,12.045307659954995,27.299461912995298,15.61940114283714,218.68680877995175,573.2887001729014,291.3454512294517,218.68680877995175
32,,527,,,,,,,,166.74480559248192,166.74480559248192,,,10.585882719513046,32.64035446895787,12.912970440316275,189.2858355175348,537.9832819704352,227.92160276410448,189.2858355175348,,,,,,,,,,,,,,
,0.005,528,,,,,,,,,,,,,,,,,,,,,,,,,,,,,,,,
33,,529,,,,,,,,,,245.46785032072003,245.46785032072003,,,,,,,,13.321108275652545,29.24955641814381,15.667413644910255,246.74005527909466,438.7433462721565,271.12454224985777,246.74005527909466,,,,,,,
33,,539,,,,,,,,,,174.43898861165835,174.43898861165835,,,,,,,,11.52416275829587,22.319840748793922,13.20753529662739,221.67290653202326,401.7571334782897,250.6123485066187,221.67290653202326,,,,,,,
33,,543,,,,,,,,,,,,,,,,,,,,,,,,,,11.350454637417863,26.488457963234566,14.785033955393308,207.18434781595988,556.257617227926,277.4753892781876,207.18434781595988
33,,543,,,,,,,,200.99742204795152,200.99742204795152,,,10.398020616311657,41.246251448988005,14.17735596110754,174.66091257542465,659.9400231838081,225.70737103819312,174.66091257542465,,,,,,,,,,,,,,
,0.005,544,,,,,,,,,,,,,,,,,,,,,,,,,,,,,,,,
34,,549,,,,,,,,,,31.827118859715455,31.827118859715455,,,,,,,,5.290069925845467,8.114609442972096,5.641552876621423,101.4347654876401,154.1775794164696,107.22802863237163,101.4347654876401,,,,,,,
34,,559,,,,,,,,,,281.89283613208335,281.89283613208335,,,,,,,,13.583138518432099,30.232264393064725,16.789664562822075,226.67255311582556,423.25170150290614,264.81932025757646,226.67255311582556,,,,,,,
34,,559,,,,,,,,,,,,,,,,,,,,,,,,,,12.001496513663636,28.114185022958225,15.458282108014926,217.64711814166566,590.3978854821235,288.6919113589675,217.64711814166566
34,,559,,,,,,,,151.3410678411825,151.3410678411825,,,9.55498857157723,35.130856301888116,12.302075753350834,167.85871617606497,597.2245571320982,212.38145966176015,167.85871617606497,,,,,,,,,,,,,,
,0.005,560,,,,,,,,,,,,,,,,,,,,,,,,,,,,,,,,
35,,569,,,,,,,,,,268.8422683343587,268.8422683343587,,,,,,,,15.954087351548775,19.479384517785263,16.396410227069786,306.81151871894724,448.0258439090612,321.94982070841036,306.81151871894724,,,,,,,
35,,575,,,,,,,,,,,,,,,,,,,,,,,,,,11.805261551727238,26.880776550813266,15.07530718285039,213.14895169511928,564.4963075670785,280.1126065264212,213.14895169511928
35,,575,,,,,,,,172.20995045200092,172.20995045200092,,,10.913862412012993,29.38727491903876,13.12287889344411,196.14768633045253,596.0843763645717,234.73840119380122,196.14768633045253,,,,,,,,,,,,,,
,0.005,576,,,,,,,,,,,,,,,,,,,,,,,,,,,,,,,,
36,,579,,,,,,,,,,199.5550597610192,199.5550597610192,,,,,,,,13.027263940280227,21.100682060310987,14.126395851774054,256.4474498928048,443.11432326653085,282.75280695746704,256.4474498928048,,,,,,,
36,,589,,,,,,,,,,856.4459326950957,856.4459326950957,,,,,,,,22.85514673255411,44.799420150841456,29.26509751726612,334.2474489805154,671.9913022626206,422.32227969269593,334.2474489805154,,,,,,,
36,,591,,,,,,,,,,,,,,,,,,,,,,,,,,11.538329319638638,26.198202590690414,14.545183458742537,208.9763414673651,550.1622544044985,271.20156715620436,208.9763414673651
36,,591,,,,,,,,219.9050752285662,219.9050752285662,,,11.632417110326799,50.14344702367396,14.829196715552943,207.20072711850025,702.0082583314361,256.65297872330876,207.20072711850025,,,,,,,,,,,,,,
,0.005,592,,,,,,,,,,,,,,,,,,,,,,,,,,,,,,,,
37,,599,,,,,,,,,,185.600934019055,185.600934019055,,,,,,,,12.382887651775366,18.652006031982125,13.62354337237765,247.28307012895092,391.6921266716254,276.29109615418565,247.28307012895092,,,,,,,
37,,607,,,,,,,,,,,,,,,,,,,,,,,,,,11.448357780988408,25.375840753514183,14.533742129498775,206.28844640849766,532.8926558237981,269.4627662146298,206.28844640849766
37,,607,,,,,,,,217.64168700990984,217.64168700990984,,,11.882199567115636,39.11702537115491,14.752684061211026,207.8161439635299,665.6831525021771,255.1517787186302,207.8161439635299,,,,,,,,,,,,,,
,0.005,608,,,,,,,,,,,,,,,,,,,,,,,,,,,,,,,,
38,,609,,,,,,,,,,76.38103496558601,76.38103496558601,,,,,,,,6.940911823198917,17.253990660125964,8.739624417878952,124.30994238454915,293.3178412221423,153.31151770955523,124.30994238454915,,,,,,,
38,,619,,,,,,,,,,109.86178509849329,109.86178509849329,,,,,,,,9.036618192779372,16.417785007955956,10.481497273695839,188.15874964510004,377.6090551829875,230.61410394862637,188.15874964510004,,,,,,,
38,,623,,,,,,,,,,,,,,,,,,,,,,,,,,11.03093316470667,24.708004571713616,13.965286314910898,197.84676345651206,518.8680960059864,257.9354998432445,197.84676345651206
38,,623,,,,,,,,172.52266357602966,172.52266357602966,,,10.563960885771182,45.37932204966103,13.134788295820746,184.2098910204201,544.5518645959328,218.87580788398097,184.2098910204201,,,,,,,,,,,,,,
,0.005,624,,,,,,,,,,,,,,,,,,,,,,,,,,,,,,,,
39,,629,,,,,,,,,,34.3796527266597,34.3796527266597,,,,,,,,5.409693934147822,8.956523154914976,5.8634164722164925,103.1657740232924,170.17393994338454,110.9588829839618,103.1657740232924,,,,,,,
39,,639,,,,,,,,,,217.38147823555784,217.38147823555784,,,,,,,,12.722821562538922,25.89991541240363,14.743862392044964,233.7494884264077,362.59881577365195,256.00964484280814,233.7494884264077,,,,,,,
39,,639,,,,,,,,,,,,,,,,,,,,,,,,,,10.734196199146613,24.38233542108742,13.774344500605093,191.9059847337572,512.0290438428365,253.73043331194359,191.9059847337572
39,,639,,,,,,,,161.67287624711787,161.67287624711787,,,10.522591925188104,32.19923639273611,12.715064932870687,191.08659987733992,519.7044914378293,230.3039364304326,191.08659987733992,,,,,,,,,,,,,,
,0.005,640,,,,,,,,,,,,,,,,,,,,,,,,,,,,,,,,
40,,649,,,,,,,,,,68.98749857545928,68.98749857545928,,,,,,,,6.650938448067632,15.007360469947798,8.305871331501548,115.8023584231374,222.9709993254146,142.60692961577917,115.8023584231374,,,,,,,
40,,655,,,,,,,,,,,,,,,,,,,,,,,,,,10.660922756862538,24.043919288640154,13.514848874258718,191.18898603670715,504.9223050614437,249.427822026663,191.18898603670715
40,,655,,,,,,,,87.50958243580797,87.50958243580797,,,7.917178857833136,17.148237546771497,9.354655655651253,142.38897314002062,372.2229175326156,168.42860069697682,142.38897314002062,,,,,,,,,,,,,,
,0.005,656,,,,,,,,,,,,,,,,,,,,,,,,,,,,,,,,
41,,659,,,,,,,,,,114.94638931212319,114.94638931212319,,,,,,,,9.838263056559276,15.673035821285794,10.721305392167652,163.18608543244045,250.7685731405727,178.5386189209786,163.18608543244045,,,,,,,
41,,669,,,,,,,,,,25.276203286010983,25.276203286010983,,,,,,,,4.66910703374981,7.844704833756396,5.027544458879602,92.11983133518842,133.35998217385895,96.53515666915833,92.11983133518842,,,,,,,
41,,671,,,,,,,,,,,,,,,,,,,,,,,,,,10.980368466120064,24.537430606835585,13.781423239048722,197.09214293608056,515.286042743548,254.15111914266413,197.09214293608056
41,,671,,,,,,,,62.3308877531832,62.3308877531832,,,6.2443775747705,20.311300165154307,7.894991307986551,113.53911188197014,390.63114634453996,144.3844066174982,113.53911188197014,,,,,,,,,,,,,,
,0.005,672,,,,,,,,,,,,,,,,,,,,,,,,,,,,,,,,
42,,679,,,,,,,,,,122.16059480015429,122.16059480015429,,,,,,,,9.74792668690436,15.6439411998972,11.052628411384973,178.3809991744165,254.49354076123564,198.75692940578543,178.3809991744165,,,,,,,
42,,687,,,,,,,,,,,,,,,,,,,,,,,,,,11.19805620139527,24.913554324841755,13.878355608076408,201.57922058592249,523.184640821677,256.3649030518005,201.57922058592249
42,,687,,,,,,,,80.38653853019468,80.38653853019468,,,7.431641891951095,21.09324814664143,8.96585403239394,131.73284749212974,421.86496293282835,158.57910262091625,131.73284749212974,,,,,,,,,,,,,,
,0.005,688,,,,,,,,,,,,,,,,,,,,,,,,,,,,,,,,
43,,689,,,,,,,,,,91.1596092010675,91.1596092010675,,,,,,,,9.241391821523905,11.507534412557789,9.547754144356016,165.6715693438535,207.13561942604065,173.9695079717344,165.6715693438535,,,,,,,
43,,699,,,,,,,,,,13.32213806232166,13.32213806232166,,,,,,,,3.178098883265079,5.737496479207721,3.64995041915937,52.16793904300103,82.14397902571363,58.639159904880685,52.16793904300103,,,,,,,
43,,703,,,,,,,,,,,,,,,,,,,,,,,,,,11.23900899031795,25.261372743219738,13.888522117049387,202.7992914827868,530.4888276076144,257.31548729453516,202.7992914827868
43,,703,,,,,,,,79.52141811994827,79.52141811994827,,,7.001652238272273,25.171360821176563,8.917478237705335,125.59718056915975,427.9131339600026,159.49709850602162,125.59718056915975,,,,,,,,,,,,,,
,0.005,704,,,,,,,,,,,,,,,,,,,,,,,,,,,,,,,,
44,,709,,,,,,,,,,33.04797201091145,33.04797201091145,,,,,,,,5.193049415443215,9.028076585297867,5.7487365577934995,89.8795126228215,153.47730195006443,99.32131605475732,89.8795126228215,,,,,,,
44,,719,,,,,,,,,,209.65421435595835,209.65421435595835,,,,,,,,9.713329770978964,25.25926013875744,14.479441092665088,115.6927462011674,261.95321718182095,163.81610414424193,115.6927462011674,,,,,,,
44,,719,,,,,,,,,,,,,,,,,,,,,,,,,,11.086990514831177,24.9903104085152,13.696928674327742,199.9141234980716,524.7965185788198,253.66656104013538,199.9141234980716
44,,719,,,,,,,,70.95593467981914,70.95593467981914,,,6.51975520787762,25.25926013875744,8.42353457165216,111.44229466751423,305.6514017514619,136.45473595805677,111.44229466751423,,,,,,,,,,,,,,
,0.005,720,,,,,,,,,,,,,,,,,,,,,,,,,,,,,,,,
45,,729,,,,,,,,,,46.57146918371713,46.57146918371713,,,,,,,,5.857108436419208,11.197827786825997,6.824329211264439,103.70400348970615,190.3630723760416,119.31385806537946,103.70400348970615,,,,,,,
45,,735,,,,,,,,,,,,,,,,,,,,,,,,,,11.03609741919546,25.14767387641689,13.638525066137559,199.07791700473626,528.101151404755,252.7839024949925,199.07791700473626
45,,735,,,,,,,,89.38474654143153,89.38474654143153,,,7.733310867936815,24.336459971518593,9.454350667361114,135.18019432516252,348.4482569635402,162.2066255059472,135.18019432516252,,,,,,,,,,,,,,
,0.005,736,,,,,,,,,,,,,,,,,,,,,,,,,,,,,,,,
46,,739,,,,,,,,,,73.18820336880462,73.18820336880462,,,,,,,,7.228607277396918,14.85570732803535,8.555010424821505,124.63354841243854,237.6913172485656,143.9630995713944,124.63354841243854,,,,,,,
46,,749,,,,,,,,,,103.58478411194294,103.58478411194294,,,,,,,,8.781874611843023,16.558725873976073,10.177661033456701,146.80419106158516,264.93961398361716,169.32252726898406,146.80419106158516,,,,,,,
46,,751,,,,,,,,,,,,,,,,,,,,,,,,,,10.886186808036928,24.899091566279196,13.48158508323238,196.03457910457618,522.8809228918635,249.408226944353,196.03457910457618
46,,751,,,,,,,,89.97142392353126,89.97142392353126,,,7.414191311057921,31.33783239864249,9.485326769465102,131.28456962816878,438.72965358099464,165.839206261981,131.28456962816878,,,,,,,,,,,,,,
,0.005,752,,,,,,,,,,,,,,,,,,,,,,,,,,,,,,,,
47,,759,,,,,,,,,,62.597206483924516,62.597206483924516,,,,,,,,5.759886670488129,15.204615793091762,7.911839639674487,98.1775590945952,243.27385268946819,129.70560406247057,98.1775590945952,,,,,,,
47,,767,,,,,,,,,,,,,,,,,,,,,,,,,,11.089757109549755,25.442977428480845,13.690305857426736,199.91559853338748,534.3025259980986,253.58652581944375,199.91559853338748
47,,767,,,,,,,,100.43360242491273,100.43360242491273,,,8.021531969161206,23.346471157516817,10.021656670676398,144.6781882201397,528.2339933939547,183.22318168336878,144.6781882201397,,,,,,,,,,,,,,
,0.005,768,,,,,,,,,,,,,,,,,,,,,,,,,,,,,,,,
48,,769,,,,,,,,,,70.10900190533363,70.10900190533363,,,,,,,,6.6173934735503055,16.086592558422012,8.373111841205374,125.26644033820011,273.4720734931743,153.93658325011125,125.26644033820011,,,,,,,
48,,779,,,,,,,,,,93.27160103518595,93.27160103518595,,,,,,,,8.30541311971292,14.940726566486774,9.657722352355442,153.99145363006065,281.22975729025165,179.31826609601202,153.99145363006065,,,,,,,
48,,783,,,,,,,,,,,,,,,,,,,,,,,,,,10.840758860706165,25.055065167289968,13.402145824719696,195.1861668504933,526.1563685130895,248.02207441097786,195.1861668504933
48,,783,,,,,,,,91.19885012923986,91.19885012923986,,,7.942270226353992,22.138499209890142,9.549808905378152,146.52853728651476,412.21446365821976,179.52939786671905,146.52853728651476,,,,,,,,,,,,,,
,0.005,784,,,,,,,,,,,,,,,,,,,,,,,,,,,,,,,,
49,,789,,,,,,,,,,91.50506343696915,91.50506343696915,,,,,,,,8.747555384808061,12.945207255912806,9.565827901283253,141.1852978111918,271.8493523741672,163.3413121340476,141.1852978111918,,,,,,,
49,,799,,,,,,,,,,101.76083936126997,101.76083936126997,,,,,,,,7.903506015362893,19.029221518624126,10.087657773798137,126.813242851193,228.35065822348952,148.42844295046467,126.813242851193,,,,,,,
49,,799,,,,,,,,,,,,,,,,,,,,,,,,,,10.83445391154341,25.057889832426383,13.415504920693026,194.79924543716297,526.2156864809549,247.6306623823024,194.79924543716297
49,,799,,,,,,,,68.97555514926366,68.97555514926366,,,6.5593882693484575,21.265165851280358,8.305152325470235,120.47853421706031,406.22469379167705,153.09961591729902,120.47853421706031,,,,,,,,,,,,,,
,0.005,800,,,,,,,,,,,,,,,,,,,,,,,,,,,,,,,,
50,,809,,,,,,,,,,60.718402355761306,60.718402355761306,,,,,,,,6.684267684957217,12.243323416533144,7.792201380595942,130.55418372303248,220.3798214975959,152.804445144715,130.55418372303248,,,,,,,
50,,815,,,,,,,,,,,,,,,,,,,,,,,,,,10.70866526809533,24.59615962012259,13.30064132204373,191.97180604087953,516.5193520225748,244.46637715176809,191.97180604087953
50,,815,,,,,,,,63.43510758176505,63.43510758176505,,,6.4171886628039205,21.75128946090058,7.964615972020563,113.84431675028944,347.71944721081854,138.43113600007788,113.84431675028944,,,,,,,,,,,,,,
,0.003,816,,,,,,,,,,,,,,,,,,,,,,,,,,,,,,,,
51,,819,,,,,,,,,,59.99776564931277,59.99776564931277,,,,,,,,7.074997376814304,11.790876491164,7.745822464355401,135.6766070092919,247.60840631444262,151.62313676685508,135.6766070092919,,,,,,,
51,,829,,,,,,,,,,109.29266165838183,109.29266165838183,,,,,,,,9.295176288212224,14.734831101592704,10.45431306487336,149.50436051474315,219.86033702819805,161.32097353068386,149.50436051474315,,,,,,,
51,,831,,,,,,,,,,,,,,,,,,,,,,,,,,10.420675019646865,24.222046810488223,12.959632770376967,187.19616214481138,508.6629830202528,239.20790415366255,187.19616214481138
51,,831,,,,,,,,60.820955984387794,60.820955984387794,,,6.266782685346832,16.43907332362778,7.798779134222728,114.08346398500541,312.9581336005758,142.96831610153254,114.08346398500541,,,,,,,,,,,,,,
,0.003,832,,,,,,,,,,,,,,,,,,,,,,,,,,,,,,,,
52,,839,,,,,,,,,,100.24659056909964,100.24659056909964,,,,,,,,8.432713438700228,17.2317839401602,10.012321936948474,148.92613370886755,310.172110922882,181.95270136021418,148.92613370886755,,,,,,,
52,,847,,,,,,,,,,,,,,,,,,,,,,,,,,10.431187368491129,24.588696701376932,13.018912191777275,187.44189983243797,516.362630728916,240.3479204533051,187.44189983243797
52,,847,,,,,,,,54.925664119865885,54.925664119865885,,,5.9262402691049925,18.673812397185202,7.411185068520815,108.71943261531234,373.47624794370313,137.09553962613722,108.71943261531234,,,,,,,,,,,,,,
,0.003,848,,,,,,,,,,,,,,,,,,,,,,,,,,,,,,,,
53,,849,,,,,,,,,,129.7471814803231,129.7471814803231,,,,,,,,10.20523872188203,19.792771572761694,11.390662029940275,144.48534946995932,197.9277157276174,149.08187327723115,144.48534946995932,,,,,,,
53,,859,,,,,,,,,,59.7268533907392,59.7268533907392,,,,,,,,7.440756034357719,10.127843002797931,7.728315042151116,128.58598794106,192.42901705316217,137.12696188291665,128.58598794106,,,,,,,
53,,863,,,,,,,,,,,,,,,,,,,,,,,,,,10.478105654401332,24.622647986873346,13.096152178455043,188.2130333638217,517.0756077243404,241.47880556590815,188.2130333638217
53,,863,,,,,,,,58.29898620350129,58.29898620350129,,,6.0566688979231325,19.792771572761694,7.63537727970932,108.44131945162455,373.20845732492126,138.86009183463733,108.44131945162455,,,,,,,,,,,,,,
,0.003,864,,,,,,,,,,,,,,,,,,,,,,,,,,,,,,,,
54,,869,,,,,,,,,,34.752608977784796,34.752608977784796,,,,,,,,5.36498786986026,7.736247141124636,5.895134347729897,101.8884983686814,141.79970224993485,109.29137499623481,101.8884983686814,,,,,,,
54,,879,,,,,,,,,,72.694335269439,72.694335269439,,,,,,,,7.760091881359449,12.686477077568497,8.526097305886147,141.90485836834924,228.3565873962325,154.4773001775524,141.90485836834924,,,,,,,
54,,879,,,,,,,,,,,,,,,,,,,,,,,,,,10.331678853853191,24.3104816051453,12.944667342147664,185.58313631520485,510.5201137080512,238.8988965648444,185.58313631520485
54,,879,,,,,,,,45.453059672555405,45.453059672555405,,,5.547740517270502,19.30330769964064,6.7418884351905,99.3212772949881,290.68741595307984,120.64216654311122,99.3212772949881,,,,,,,,,,,,,,
,0.003,880,,,,,,,,,,,,,,,,,,,,,,,,,,,,,,,,
55,,889,,,,,,,,,,23.847898856079826,23.847898856079826,,,,,,,,4.130837085438498,7.380911394382679,4.883431053683448,70.23559384929904,125.47549370450542,84.44767926659617,70.23559384929904,,,,,,,
55,,895,,,,,,,,,,,,,,,,,,,,,,,,,,10.255603698981963,24.137435688691767,12.84658250490392,184.155230242377,506.8861494625271,237.08459552062536,184.155230242377
55,,895,,,,,,,,40.17389080043229,40.17389080043229,,,5.246979684151165,14.757803566213454,6.338287686783576,92.87241199860318,295.15607132426885,111.60834766327086,92.87241199860318,,,,,,,,,,,,,,
,0.003,896,,,,,,,,,,,,,,,,,,,,,,,,,,,,,,,,
56,,899,,,,,,,,,,62.874781913377696,62.874781913377696,,,,,,,,6.942775708847989,11.965381437480687,7.929362011749602,126.23408153495147,203.41148443717248,141.1332535824263,126.23408153495147,,,,,,,
56,,909,,,,,,,,,,30.40782349180002,30.40782349180002,,,,,,,,4.929941469282289,8.775131023165045,5.514328924882884,82.48291124088391,157.95235841696922,95.59022424815659,82.48291124088391,,,,,,,
56,,911,,,,,,,,,,,,,,,,,,,,,,,,,,10.298501108521283,24.207567572248422,12.92774835718655,184.54745517692027,508.358919017217,237.52202308845844,184.54745517692027
56,,911,,,,,,,,43.34770986596606,43.34770986596606,,,5.591378488042935,16.13345202688697,6.583897771530635,99.92169676480303,289.36608312896897,117.45704373348156,99.92169676480303,,,,,,,,,,,,,,
,0.003,912,,,,,,,,,,,,,,,,,,,,,,,,,,,,,,,,
57,,919,,,,,,,,,,149.61250316231403,149.61250316231403,,,,,,,,8.950609106113438,19.321128507479216,12.231618991871601,133.56170072577515,276.6794888047152,178.73753748994181,133.56170072577515,,,,,,,
57,,927,,,,,,,,,,,,,,,,,,,,,,,,,,10.242381384916172,24.18999131797176,12.942307699777716,183.1679397591277,507.9898176774077,237.21548882822862,183.1679397591277
57,,927,,,,,,,,46.05818640752141,46.05818640752141,,,5.041828157172381,19.321128507479216,6.7866181863665656,90.0204225238908,321.48540116615004,119.46354801213202,90.0204225238908,,,,,,,,,,,,,,
,0.003,928,,,,,,,,,,,,,,,,,,,,,,,,,,,,,,,,
58,,929,,,,,,,,,,22.309670243136505,22.309670243136505,,,,,,,,4.254909583780363,6.053804874464504,4.723311364195304,81.84955198293247,108.96848774036152,90.21077274263583,81.84955198293247,,,,,,,
58,,939,,,,,,,,,,90.31056836792385,90.31056836792385,,,,,,,,7.874613304135119,16.050112472220235,9.503187274168802,136.73905835062834,256.80179955552376,160.89599574480584,136.73905835062834,,,,,,,
58,,943,,,,,,,,,,,,,,,,,,,,,,,,,,10.099768949740298,24.086400745857475,12.766647698765196,181.02298746779888,505.8144156630078,235.11105809805142,181.02298746779888
58,,943,,,,,,,,43.88306190312081,43.88306190312081,,,5.306751577543449,18.976470310775653,6.624429175643801,95.94667395696233,322.5999952831862,120.06915624649002,95.94667395696233,,,,,,,,,,,,,,
,0.003,944,,,,,,,,,,,,,,,,,,,,,,,,,,,,,,,,
59,,949,,,,,,,,,,55.31049266915677,55.31049266915677,,,,,,,,6.1042781902911205,13.105427160838872,7.437102437721076,112.0787608376133,235.89768889509833,137.29575652744725,112.0787608376133,,,,,,,
59,,959,,,,,,,,,,78.60326923647816,78.60326923647816,,,,,,,,7.02789528100468,17.491774062879927,8.865848478091545,109.16924881748018,209.90128875455957,123.02852941761287,109.16924881748018,,,,,,,
59,,959,,,,,,,,,,,,,,,,,,,,,,,,,,9.995169722250438,24.02870869202161,12.654903778021078,179.21788476637192,504.6028825324538,233.25854552329358,179.21788476637192
59,,959,,,,,,,,40.792774718660915,40.792774718660915,,,5.25334077250648,18.06585558424922,6.3869221631910404,93.06238003189678,307.11954493223675,111.2612555606607,93.06238003189678,,,,,,,,,,,,,,
,0.003,960,,,,,,,,,,,,,,,,,,,,,,,,,,,,,,,,
60,,969,,,,,,,,,,34.77069824170949,34.77069824170949,,,,,,,,4.75647359177251,9.367381632368165,5.896668401878258,85.08060378173505,168.61286938262674,106.0392618879444,85.08060378173505,,,,,,,
60,,975,,,,,,,,,,,,,,,,,,,,,,,,,,9.959151605393908,23.95405875955987,12.638818053744524,178.43440794194467,503.0352339507572,232.62055310962867,178.43440794194467
60,,975,,,,,,,,67.59922037085295,67.59922037085295,,,6.800387139761346,17.61231889565886,8.221874504688875,123.34213837103991,352.24637791317764,151.3817417426673,123.34213837103991,,,,,,,,,,,,,,
,0.003,976,,,,,,,,,,,,,,,,,,,,,,,,,,,,,,,,
61,,979,,,,,,,,,,47.33564288167001,47.33564288167001,,,,,,,,5.752573318856935,11.8721892535616,6.8800903251098395,101.67342099480375,237.4437850712311,127.3455773388089,101.67342099480375,,,,,,,
61,,989,,,,,,,,,,27.811910946689324,27.811910946689324,,,,,,,,4.373264974319568,8.050792354554233,5.273699929526644,75.68356989361709,120.76188531831394,89.26839551553817,75.68356989361709,,,,,,,
61,,991,,,,,,,,,,,,,,,,,,,,,,,,,,9.815749461986371,23.4596984956421,12.518192188776343,175.60247049078535,492.653668408484,230.19151957718674,175.60247049078535
61,,991,,,,,,,,61.30352462694757,61.30352462694757,,,6.508079476243891,17.435233352711066,7.8296567374915975,121.4516734907207,435.8808338177769,149.98496735900218,121.4516734907207,,,,,,,,,,,,,,
,0.0018,992,,,,,,,,,,,,,,,,,,,,,,,,,,,,,,,,
62,,999,,,,,,,,,,63.76794259812791,63.76794259812791,,,,,,,,6.954152176424702,11.939825993149725,7.985483241365416,113.83890192992331,188.5407668568314,127.95296491513683,113.83890192992331,,,,,,,
62,,1007,,,,,,,,,,,,,,,,,,,,,,,,,,9.704462987206535,23.32569787830704,12.4654784595114,173.4200736495399,489.839655444448,229.01801650430946,173.4200736495399
62,,1007,,,,,,,,38.9229310126039,38.9229310126039,,,4.993717604403518,14.514115795689122,6.238824489645777,89.89630284162624,261.2540843224033,112.66686309462477,89.89630284162624,,,,,,,,,,,,,,
,0.0018,1008,,,,,,,,,,,,,,,,,,,,,,,,,,,,,,,,
63,,1009,,,,,,,,,,36.8564103296593,36.8564103296593,,,,,,,,5.155683097479186,11.081382327274127,6.070948058553895,96.9921590433576,199.4648818909336,112.14093804988333,96.9921590433576,,,,,,,
63,,1019,,,,,,,,,,11.576763284923471,11.576763284923471,,,,,,,,2.7894730064711895,6.194869327607648,3.402464295907228,52.384369558140314,99.11790924172237,60.91608366723008,52.384369558140314,,,,,,,
63,,1023,,,,,,,,,,,,,,,,,,,,,,,,,,9.64766749308597,23.20792198784187,12.414328661864813,172.4683024294518,487.36636174468003,228.25176623082078,172.4683024294518
63,,1023,,,,,,,,34.850828888327,34.850828888327,,,4.970362497655191,11.367408686976205,5.9034590612899995,90.90734131977577,266.64578493401496,110.12675694698032,90.90734131977577,,,,,,,,,,,,,,
,0.0018,1024,,,,,,,,,,,,,,,,,,,,,,,,,,,,,,,,
64,,1029,,,,,,,,,,56.58588251211704,56.58588251211704,,,,,,,,5.83865033109289,14.488741917633888,7.522358839627171,115.54246663440135,289.77483835267776,150.9268577673518,115.54246663440135,,,,,,,
64,,1039,,,,,,,,,,61.799985288564585,61.799985288564585,,,,,,,,6.485871231024566,13.667474140475065,7.861296667125887,106.89146113971364,218.67958624760104,130.31702371239578,106.89146113971364,,,,,,,
64,,1039,,,,,,,,,,,,,,,,,,,,,,,,,,9.618505610955145,23.161588406086253,12.360935784758611,172.1716957063225,486.3933565278112,227.6546937910493,172.1716957063225
64,,1039,,,,,,,,33.8658627380211,33.8658627380211,,,4.7374247588983165,14.488741917633888,5.819438352454736,85.87068946274225,289.77483835267776,106.52385965207537,85.87068946274225,,,,,,,,,,,,,,
,0.0018,1040,,,,,,,,,,,,,,,,,,,,,,,,,,,,,,,,
65,,1049,,,,,,,,,,61.15562110729536,61.15562110729536,,,,,,,,6.222537178370738,14.729874407178613,7.820205950439884,109.23651385590165,250.40786492203733,136.12853618010004,109.23651385590165,,,,,,,
65,,1055,,,,,,,,,,,,,,,,,,,,,,,,,,9.633245107351053,23.282723145576313,12.385168545445527,172.45837011529767,488.93718605710274,228.04674885604055,172.45837011529767
65,,1055,,,,,,,,31.884942371271705,31.884942371271705,,,4.7547446739151855,14.729874407178613,5.646675337866673,87.7663847519233,250.40786492203733,105.61684297607913,87.7663847519233,,,,,,,,,,,,,,
,0.0018,1056,,,,,,,,,,,,,,,,,,,,,,,,,,,,,,,,
66,,1059,,,,,,,,,,48.10196537311078,48.10196537311078,,,,,,,,5.245948280996731,13.583884607195387,6.935558043381281,87.05779849218052,217.3421537151262,112.9470837177227,87.05779849218052,,,,,,,
66,,1069,,,,,,,,,,54.543446279971405,54.543446279971405,,,,,,,,6.973239150602581,10.176203390186856,7.385353497292558,131.0217831720209,183.1716610233616,136.69797934236374,131.0217831720209,,,,,,,
66,,1071,,,,,,,,,,,,,,,,,,,,,,,,,,9.592836237565376,23.11794333825202,12.359911462150391,171.5623452829068,485.47681010329325,227.27211362523272,171.5623452829068
66,,1071,,,,,,,,30.2648711775881,30.2648711775881,,,4.529590084801538,13.583884607195387,5.501351759121397,82.42416718764458,256.34959944143884,100.99111362825728,82.42416718764458,,,,,,,,,,,,,,
,0.0018,1072,,,,,,,,,,,,,,,,,,,,,,,,,,,,,,,,
67,,1079,,,,,,,,,,23.805309563836516,23.805309563836516,,,,,,,,4.449647023839793,7.723734719646359,4.879068513951871,76.7915310660359,139.0272249536356,86.00547131002008,76.7915310660359,,,,,,,
67,,1087,,,,,,,,,,,,,,,,,,,,,,,,,,9.565946759944637,23.148185872401143,12.29793322733569,171.36285832182293,486.111903320425,226.61398304125044,171.36285832182293
67,,1087,,,,,,,,32.94090602632342,32.94090602632342,,,4.721863460666452,14.093135262455235,5.739416871627589,84.39467556004384,281.8627052491047,102.89532379795347,84.39467556004384,,,,,,,,,,,,,,
,0.0018,1088,,,,,,,,,,,,,,,,,,,,,,,,,,,,,,,,
68,,1089,,,,,,,,,,51.47251564557932,51.47251564557932,,,,,,,,5.02929919528342,14.536736310230253,7.174434865937478,96.36177934739972,290.73472620460416,140.76783173370754,96.36177934739972,,,,,,,
68,,1099,,,,,,,,,,59.0773655356645,59.0773655356645,,,,,,,,6.832500141465175,12.428742005827303,7.686180165443983,121.85630339333584,174.00238808158247,132.00949775624554,121.85630339333584,,,,,,,
68,,1103,,,,,,,,,,,,,,,,,,,,,,,,,,9.525395689551942,22.93320557554273,12.21705531543255,170.75102247199192,481.5973170863981,225.1819562213388,170.75102247199192
68,,1103,,,,,,,,37.66252203843326,37.66252203843326,,,4.785961365819046,16.47715291912243,6.136979879259281,86.75762532026602,290.73472620460416,111.6077277200051,86.75762532026602,,,,,,,,,,,,,,
,0.0018,1104,,,,,,,,,,,,,,,,,,,,,,,,,,,,,,,,
69,,1109,,,,,,,,,,27.796746773134725,27.796746773134725,,,,,,,,4.818971770661051,7.201912718145536,5.272262016737667,86.56366063307942,120.37778854936914,93.77437410867678,86.56366063307942,,,,,,,
69,,1119,,,,,,,,,,14.697873440586232,14.697873440586232,,,,,,,,3.382254388259412,5.827405281084111,3.833780567610284,45.64101142770487,81.58367393517801,51.037476959647194,45.64101142770487,,,,,,,
69,,1119,,,,,,,,,,,,,,,,,,,,,,,,,,9.440316146610053,22.622636365350445,12.13011577597811,169.0644092104514,475.07536367236025,223.2012865782079,169.0644092104514
69,,1119,,,,,,,,32.29435901310681,32.29435901310681,,,4.7911080135314705,13.970695379451513,5.682812597042666,86.62105375693038,282.0381364939585,104.7882459932457,86.62105375693038,,,,,,,,,,,,,,
,0.0018,1120,,,,,,,,,,,,,,,,,,,,,,,,,,,,,,,,
70,,1129,,,,,,,,,,23.59029195198974,23.59029195198974,,,,,,,,4.265191875558446,8.704859009351253,4.8569838327906485,76.8848616870113,139.27774414962005,86.02265985069874,76.8848616870113,,,,,,,
70,,1135,,,,,,,,,,,,,,,,,,,,,,,,,,9.410287716228215,22.644524478688822,12.119197778013211,168.49018014508457,475.53501405246607,222.98424682510563,168.49018014508457
70,,1135,,,,,,,,30.015017154312112,30.015017154312112,,,4.545850366194739,13.99842596400731,5.4785962759006175,81.54503846355065,279.9685192801462,98.81455620646845,81.54503846355065,,,,,,,,,,,,,,
,0.0018,1136,,,,,,,,,,,,,,,,,,,,,,,,,,,,,,,,
71,,1139,,,,,,,,,,20.432199818827893,20.432199818827893,,,,,,,,3.946784029423918,7.189865346191368,4.520199090618453,80.72145522029132,137.41048727313864,93.09213064446666,80.72145522029132,,,,,,,
71,,1149,,,,,,,,,,35.76709676427496,35.76709676427496,,,,,,,,4.886171733890285,11.466786451615008,5.980559903911586,85.68167046120179,183.46858322584012,100.73160338111028,85.68167046120179,,,,,,,
71,,1151,,,,,,,,,,,,,,,,,,,,,,,,,,9.453049233352733,22.628381083872455,12.15755656025686,169.2091279723163,475.19600276132223,223.46861357170758,169.2091279723163
71,,1151,,,,,,,,31.646450363079616,31.646450363079616,,,4.5945872218170685,13.461728563607608,5.625517786220182,84.51619504376961,254.15387710708274,104.57423246742457,84.51619504376961,,,,,,,,,,,,,,
,0.0018,1152,,,,,,,,,,,,,,,,,,,,,,,,,,,,,,,,
72,,1159,,,,,,,,,,11.041327928122488,11.041327928122488,,,,,,,,2.991081930060159,5.344961080741655,3.322849368858373,55.43169301398884,96.20929945335047,62.541186051041166,55.43169301398884,,,,,,,
72,,1167,,,,,,,,,,,,,,,,,,,,,,,,,,9.491715390373475,22.620297026706453,12.220622079677947,169.61934871432896,475.0262375608363,223.9862992426542,169.61934871432896
72,,1167,,,,,,,,28.536033632492597,28.536033632492597,,,4.582211147933474,11.742762012127798,5.341912918842144,83.43947154456009,246.4309641172331,98.74108051270453,83.43947154456009,,,,,,,,,,,,,,
,0.0018,1168,,,,,,,,,,,,,,,,,,,,,,,,,,,,,,,,
73,,1169,,,,,,,,,,35.02916352789848,35.02916352789848,,,,,,,,5.0381500605479115,8.556651582673226,5.918544037843977,107.36115769159406,190.07902289389676,127.86871144741811,107.36115769159406,,,,,,,
73,,1179,,,,,,,,,,18.792831101182657,18.792831101182657,,,,,,,,3.3028948085293677,7.366697949461354,4.335069907300533,65.89167715385993,139.96726103976653,86.05246541278807,65.89167715385993,,,,,,,
73,,1183,,,,,,,,,,,,,,,,,,,,,,,,,,9.489865689323683,22.4257332080154,12.166843519452133,169.64013193801802,470.94039736832383,222.9257359464176,169.64013193801802
73,,1183,,,,,,,,27.218411470345085,27.218411470345085,,,4.265198064465531,12.016299142219736,5.21712674470777,76.48837169222267,216.29338455995457,94.05582892010308,76.48837169222267,,,,,,,,,,,,,,
,0.0018,1184,,,,,,,,,,,,,,,,,,,,,,,,,,,,,,,,
74,,1189,,,,,,,,,,31.968052432451294,31.968052432451294,,,,,,,,5.0342796557127825,9.899440238675425,5.6540297516418585,85.84097156050593,158.3910438188068,93.88052542029722,85.84097156050593,,,,,,,
74,,1199,,,,,,,,,,55.08584920709973,55.08584920709973,,,,,,,,6.364587866968941,13.244871349096229,7.421984182622578,121.91865223730747,264.8974269819246,144.0530472264575,121.91865223730747,,,,,,,
74,,1199,,,,,,,,,,,,,,,,,,,,,,,,,,9.520356111501922,22.54737232256616,12.218032890933763,170.13290890483387,473.4948187738901,223.75466224447766,170.13290890483387
74,,1199,,,,,,,,30.632690364146544,30.632690364146544,,,4.633307852396812,15.522695015091927,5.534680692157999,84.2938693469468,264.8974269819246,101.49624964904001,84.2938693469468,,,,,,,,,,,,,,
,0.00108,1200,,,,,,,,,,,,,,,,,,,,,,,,,,,,,,,,
75,,1209,,,,,,,,,,57.16551306813288,57.16551306813288,,,,,,,,6.3169303517185424,12.850154382949597,7.560787860278377,127.03990231680837,282.70339642489125,158.45281378317236,127.03990231680837,,,,,,,
75,,1215,,,,,,,,,,,,,,,,,,,,,,,,,,9.538486524843075,22.35534918539804,12.187551958217943,170.47495424025692,469.4623328933594,223.03917390082913,170.47495424025692
75,,1215,,,,,,,,29.142685803232702,29.142685803232702,,,4.383579426121674,13.017595899238358,5.398396595585832,79.86370594718797,282.70339642489125,100.29461362743132,79.86370594718797,,,,,,,,,,,,,,
,0.00108,1216,,,,,,,,,,,,,,,,,,,,,,,,,,,,,,,,
76,,1219,,,,,,,,,,67.00696657443804,67.00696657443804,,,,,,,,6.30228141330831,15.946292189943335,8.185778312075037,124.74476892380262,318.9258437988665,161.8891945152059,124.74476892380262,,,,,,,
76,,1229,,,,,,,,,,29.63128304270822,29.63128304270822,,,,,,,,4.6786540651391535,8.687375288031944,5.443462413088587,84.63726366795854,165.06013047260603,100.2921903627815,84.63726366795854,,,,,,,
76,,1231,,,,,,,,,,,,,,,,,,,,,,,,,,9.56049675843659,22.386897103857677,12.198240252559224,170.89718413016763,470.12483918101134,223.18181777993684,170.89718413016763
76,,1231,,,,,,,,27.827776866179654,27.827776866179654,,,4.134161177564681,15.946292189943335,5.275203964414993,76.53634298273222,318.9258437988665,100.20241140501896,76.53634298273222,,,,,,,,,,,,,,
,0.00108,1232,,,,,,,,,,,,,,,,,,,,,,,,,,,,,,,,
77,,1239,,,,,,,,,,23.271451481631495,23.271451481631495,,,,,,,,3.245829794537167,9.461648681990141,4.824049282670265,57.14175977822852,160.84802759383274,84.03571279689899,57.14175977822852,,,,,,,
77,,1247,,,,,,,,,,,,,,,,,,,,,,,,,,9.555353896175939,22.21412727046652,12.147438507837272,170.8424230305396,466.4966726797975,222.13325120630577,170.8424230305396
77,,1247,,,,,,,,26.62665382478312,26.62665382478312,,,4.278335100526163,12.974825215389387,5.160102113794175,78.39203235260665,259.4965043077882,96.10690708700788,78.39203235260665,,,,,,,,,,,,,,
,0.00108,1248,,,,,,,,,,,,,,,,,,,,,,,,,,,,,,,,
78,,1249,,,,,,,,,,26.298668291465873,26.298668291465873,,,,,,,,4.641279919189197,7.259528178230994,5.128222722490305,89.96968104524895,137.92207454374147,98.85693010321607,89.96968104524895,,,,,,,
78,,1259,,,,,,,,,,80.06403797434675,80.06403797434675,,,,,,,,6.664486099787496,14.67478972908873,8.947851025489122,119.62496380995398,249.95834278688926,162.5326344619534,119.62496380995398,,,,,,,
78,,1263,,,,,,,,,,,,,,,,,,,,,,,,,,9.602485933165104,22.32982313485485,12.222989792004459,171.55288275042602,468.92628583195255,223.19285297049265,171.55288275042602
78,,1263,,,,,,,,24.35573601369442,24.35573601369442,,,4.103939218690384,14.67478972908873,4.93515308918522,75.73458381009763,249.95834278688926,92.02748903262366,75.73458381009763,,,,,,,,,,,,,,
,0.00108,1264,,,,,,,,,,,,,,,,,,,,,,,,,,,,,,,,
79,,1269,,,,,,,,,,11.316064220397784,11.316064220397784,,,,,,,,2.9386518583908128,5.417246712192991,3.363935822871445,55.376892658177894,102.92768753166638,64.39901444287418,55.376892658177894,,,,,,,
79,,1279,,,,,,,,,,13.046770318821547,13.046770318821547,,,,,,,,3.375922814499836,5.675566675448067,3.6120313286046604,59.589164551355864,90.80906680716907,62.51629473126302,59.589164551355864,,,,,,,
79,,1279,,,,,,,,,,,,,,,,,,,,,,,,,,9.565019118710456,22.273221357072543,12.159848515651937,170.96629612285705,467.7376484985234,222.16748254362108,170.96629612285705
79,,1279,,,,,,,,24.79908418492904,24.79908418492904,,,4.082053515937991,12.10443384694645,4.979867888300757,73.81836528349797,242.08867693892898,91.4711053596911,73.81836528349797,,,,,,,,,,,,,,
,0.00108,1280,,,,,,,,,,,,,,,,,,,,,,,,,,,,,,,,
80,,1289,,,,,,,,,,17.377729868093873,17.377729868093873,,,,,,,,4.064081104967363,4.914098163285303,4.1686604404885115,70.05011847816021,83.60669479881108,71.68682039587762,70.05011847816021,,,,,,,
80,,1295,,,,,,,,,,,,,,,,,,,,,,,,,,9.559210000185754,22.26977157900518,12.149006782165399,170.86594089428073,467.6652031591093,221.93681196589563,170.86594089428073
80,,1295,,,,,,,,25.43102183492882,25.43102183492882,,,4.126370646004691,12.711203736051061,5.042917988122435,74.47489342052357,254.22407472102168,91.93065295606216,74.47489342052357,,,,,,,,,,,,,,
,0.00108,1296,,,,,,,,,,,,,,,,,,,,,,,,,,,,,,,,
81,,1299,,,,,,,,,,27.005576187408757,27.005576187408757,,,,,,,,4.528794502596793,7.764592417340964,5.196688963889291,84.91023029767238,145.82378783786953,98.75403400520325,84.91023029767238,,,,,,,
81,,1309,,,,,,,,,,22.743193835148357,22.743193835148357,,,,,,,,3.93433228817828,8.09649404242009,4.768982473772404,60.960221264021314,145.7368927635598,77.31569430616642,60.960221264021314,,,,,,,
81,,1311,,,,,,,,,,,,,,,,,,,,,,,,,,9.571962959480249,22.31471863827528,12.159639694441129,171.0871773612893,468.60909140378135,222.09592524840713,171.0871773612893
81,,1311,,,,,,,,23.509405612215442,23.509405612215442,,,4.062518797570002,11.874983160567695,4.848649875193654,75.03240368071768,227.30726166746172,90.67961377029755,75.03240368071768,,,,,,,,,,,,,,
,0.00108,1312,,,,,,,,,,,,,,,,,,,,,,,,,,,,,,,,
82,,1319,,,,,,,,,,18.01706942827947,18.01706942827947,,,,,,,,3.460894853044124,5.8062620926685895,4.244651861846796,67.058303580754,115.77297588391411,82.14314250072522,67.058303580754,,,,,,,
82,,1327,,,,,,,,,,,,,,,,,,,,,,,,,,9.571323924283803,22.29535676250771,12.143234266887784,171.11645495217726,468.20249201266233,221.8202480956934,171.11645495217726
82,,1327,,,,,,,,23.827040965180142,23.827040965180142,,,4.039702876373219,11.56612797829007,4.881295009029893,74.18879065358382,228.32734742931098,90.85814554671421,74.18879065358382,,,,,,,,,,,,,,
,0.00108,1328,,,,,,,,,,,,,,,,,,,,,,,,,,,,,,,,
83,,1329,,,,,,,,,,29.66007799210995,29.66007799210995,,,,,,,,3.784882397999877,11.146218645828526,5.446106682035337,70.81721014223331,222.92437291657006,106.24565615689936,70.81721014223331,,,,,,,
83,,1339,,,,,,,,,,19.73770205906731,19.73770205906731,,,,,,,,3.3712421863943747,8.594957845014278,4.44271336674642,62.55472995499222,154.70924121025564,80.79511046573101,62.55472995499222,,,,,,,
83,,1343,,,,,,,,,,,,,,,,,,,,,,,,,,9.574945680930762,22.260176723199777,12.135620466218404,171.19566699002115,467.46371118719617,221.6484498723412,171.19566699002115
83,,1343,,,,,,,,23.882555680156976,23.882555680156976,,,3.952733190216759,14.610153310362875,4.88697817471666,72.5113519486236,248.37260627616888,91.07779997987461,72.5113519486236,,,,,,,,,,,,,,
,0.00108,1344,,,,,,,,,,,,,,,,,,,,,,,,,,,,,,,,
84,,1349,,,,,,,,,,11.134000556667925,11.134000556667925,,,,,,,,2.9844074210858706,5.037614310630033,3.336764983733185,50.94182210648978,90.67705759134151,57.562010499061444,50.94182210648978,,,,,,,
84,,1359,,,,,,,,,,10.546015432058834,10.546015432058834,,,,,,,,2.848714312009122,4.937319197287934,3.247462922353207,54.88115024486615,101.14705421253166,65.45204051110645,54.88115024486615,,,,,,,
84,,1359,,,,,,,,,,,,,,,,,,,,,,,,,,9.557635629794401,22.169824469634534,12.10699319170923,170.85650225612136,465.56631386232584,221.00562224640746,170.85650225612136
84,,1359,,,,,,,,22.544548954717207,22.544548954717207,,,3.861718487672038,11.969559052899626,4.748110040291527,70.99887685675084,239.39118105799207,88.72224718753144,70.99887685675084,,,,,,,,,,,,,,
,0.00108,1360,,,,,,,,,,,,,,,,,,,,,,,,,,,,,,,,
85,,1369,,,,,,,,,,44.87263935595584,44.87263935595584,,,,,,,,5.058343264549853,12.858415650111624,6.698704304263313,95.68505934489221,257.168313002232,131.34360105419557,95.68505934489221,,,,,,,
85,,1375,,,,,,,,,,,,,,,,,,,,,,,,,,9.545893413075708,22.160102526436447,12.09863546399537,170.60821014098093,465.36215305516635,220.76433760252277,170.60821014098093
85,,1375,,,,,,,,25.343321235316203,25.343321235316203,,,4.104727681122376,12.858415650111624,5.034215056522338,75.91877175820836,257.168313002232,94.84898823152402,75.91877175820836,,,,,,,,,,,,,,
,0.000648,1376,,,,,,,,,,,,,,,,,,,,,,,,,,,,,,,,
86,,1379,,,,,,,,,,33.643321229155866,33.643321229155866,,,,,,,,5.214786903842969,8.286997233665147,5.800286305791798,100.91846716956351,154.1318484453368,112.22539001422236,100.91846716956351,,,,,,,
86,,1389,,,,,,,,,,53.714245521301905,53.714245521301905,,,,,,,,6.078126657490759,11.370427544210997,7.329000308452845,119.0573834659539,230.8825878069747,145.92502175306439,119.0573834659539,,,,,,,
86,,1391,,,,,,,,,,,,,,,,,,,,,,,,,,9.555642560220155,22.108266671291744,12.09839014337424,170.74149861330224,464.2736000971272,220.60552289931076,170.74149861330224
86,,1391,,,,,,,,28.06793392993314,28.06793392993314,,,4.292592499079428,12.38257530313706,5.297917886295817,78.4433703534706,247.65150606274074,98.35032899322712,78.4433703534706,,,,,,,,,,,,,,
,0.000648,1392,,,,,,,,,,,,,,,,,,,,,,,,,,,,,,,,
87,,1399,,,,,,,,,,10.214222909424475,10.214222909424475,,,,,,,,2.6026933275859165,5.9338992527212895,3.195969791694608,42.738611579883944,100.8762872962634,53.01928261927666,42.738611579883944,,,,,,,
87,,1407,,,,,,,,,,,,,,,,,,,,,,,,,,9.529012875004394,22.134572113625723,12.054295289631595,170.36078269996088,464.82601438614074,220.01598658786762,170.36078269996088
87,,1407,,,,,,,,21.45563927117812,21.45563927117812,,,3.878912585084256,10.435235167990811,4.632023237331406,71.35071592442354,208.70470335981554,86.85409753075747,71.35071592442354,,,,,,,,,,,,,,
,0.000648,1408,,,,,,,,,,,,,,,,,,,,,,,,,,,,,,,,
88,,1409,,,,,,,,,,12.008719073211566,12.008719073211566,,,,,,,,2.484472119915085,7.137459615378475,3.465359876435861,41.56572768139813,128.4742730768121,61.12037833324757,41.56572768139813,,,,,,,
88,,1419,,,,,,,,,,5.565563026449362,5.565563026449362,,,,,,,,2.038532851427442,4.05981925463891,2.3591445539536915,37.89305440036151,77.13656583814009,44.50121301500005,37.89305440036151,,,,,,,
88,,1423,,,,,,,,,,,,,,,,,,,,,,,,,,9.536285236001698,22.114552601799858,12.057755737190224,170.4548524754544,464.4056046377973,219.95746775594887,170.4548524754544
88,,1423,,,,,,,,21.42100048843939,21.42100048843939,,,3.7957437822888487,12.088320177008427,4.628282671622315,69.59307083443687,230.88857392606224,86.268243297958,69.59307083443687,,,,,,,,,,,,,,
,0.000648,1424,,,,,,,,,,,,,,,,,,,,,,,,,,,,,,,,
89,,1429,,,,,,,,,,16.24726594988288,16.24726594988288,,,,,,,,3.547087077131846,7.194804285132136,4.0307897427033925,58.45640282647582,115.11686856211418,65.47946360205759,58.45640282647582,,,,,,,
89,,1439,,,,,,,,,,46.92015379603818,46.92015379603818,,,,,,,,6.531029268092288,9.632316391085283,6.849828742095541,123.14535454242287,173.38169503953395,127.15638793146924,123.14535454242287,,,,,,,
89,,1439,,,,,,,,,,,,,,,,,,,,,,,,,,9.530238338560434,22.09770697885756,12.037687340783254,170.39854987409382,464.05184655600897,219.65767375620428,170.39854987409382
89,,1439,,,,,,,,22.204221148790825,22.204221148790825,,,3.9609504860697085,12.337735037141101,4.71213551893309,73.36020765708929,246.75470074282202,88.92621816608057,73.36020765708929,,,,,,,,,,,,,,
,0.000648,1440,,,,,,,,,,,,,,,,,,,,,,,,,,,,,,,,
90,,1449,,,,,,,,,,32.45980931331762,32.45980931331762,,,,,,,,3.4905082374369956,12.053057818298498,5.697351078643269,68.45366768426211,241.0611563659695,112.89636815474516,68.45366768426211,,,,,,,
90,,1455,,,,,,,,,,,,,,,,,,,,,,,,,,9.514368179548768,21.995172657110572,12.001658826401354,170.1369406578533,461.89862579932196,218.97707836995482,170.1369406578533
90,,1455,,,,,,,,22.998157875543942,22.998157875543942,,,3.869334316186726,12.053057818298498,4.795639464716248,71.09556461925979,245.93114481484554,90.10584666775247,71.09556461925979,,,,,,,,,,,,,,
,0.000648,1456,,,,,,,,,,,,,,,,,,,,,,,,,,,,,,,,
91,,1459,,,,,,,,,,19.462798205779908,19.462798205779908,,,,,,,,4.2642856106931735,6.344506459763579,4.411666148495363,71.74995733666037,82.47858397692653,72.2538967785915,71.74995733666037,,,,,,,
91,,1469,,,,,,,,,,18.779716311760904,18.779716311760904,,,,,,,,3.810948833413113,6.002502454690671,4.3335570045588305,68.53739972251824,108.04504418443139,78.16105167331649,68.53739972251824,,,,,,,
91,,1471,,,,,,,,,,,,,,,,,,,,,,,,,,9.512002443139647,21.9822502636668,11.991847048823754,170.1028450152324,461.6272555370033,218.79281744349495,170.1028450152324
91,,1471,,,,,,,,21.314975299868024,21.314975299868024,,,3.827607612924756,11.632359937334058,4.616814410377357,70.14942417886641,210.13855047798643,85.85263414335569,70.14942417886641,,,,,,,,,,,,,,
,0.000648,1472,,,,,,,,,,,,,,,,,,,,,,,,,,,,,,,,
92,,1479,,,,,,,,,,28.125542723122386,28.125542723122386,,,,,,,,4.704714928174428,8.685296183768855,5.303352027078948,89.97312487473718,156.33533130783871,100.81608707940359,89.97312487473718,,,,,,,
92,,1487,,,,,,,,,,,,,,,,,,,,,,,,,,9.515885685875537,22.045206895783508,12.00146385031217,170.1801458637161,462.94934481145356,219.0025846881065,170.1801458637161
92,,1487,,,,,,,,21.40899910232155,21.40899910232155,,,3.8525037346763975,12.223641901349197,4.626985963056463,70.71651732845883,217.907566242724,86.25938422341544,70.71651732845883,,,,,,,,,,,,,,
,0.000648,1488,,,,,,,,,,,,,,,,,,,,,,,,,,,,,,,,
93,,1489,,,,,,,,,,12.536666459868362,12.536666459868362,,,,,,,,3.3404296591700016,4.872126112820752,3.540715529362443,58.83317168233225,82.82614391795323,62.25364311223118,58.83317168233225,,,,,,,
93,,1499,,,,,,,,,,21.117238417395175,21.117238417395175,,,,,,,,3.662170212665251,8.211125430856669,4.5953496512665035,59.6823107660548,147.8002577554198,76.8420767994238,59.6823107660548,,,,,,,
93,,1503,,,,,,,,,,,,,,,,,,,,,,,,,,9.509222721010445,22.061604562324533,11.985220264472485,170.12324262174533,463.29369580881576,218.83255147642038,170.12324262174533
93,,1503,,,,,,,,20.429897278824225,20.429897278824225,,,3.7322982732388583,11.452783138273162,4.519944388908367,68.5748313287079,229.05566276546233,84.3724685369249,68.5748313287079,,,,,,,,,,,,,,
,0.000648,1504,,,,,,,,,,,,,,,,,,,,,,,,,,,,,,,,
94,,1509,,,,,,,,,,43.35739031057908,43.35739031057908,,,,,,,,5.589250016007202,10.44315640231099,6.584632891101757,106.74264585953024,208.86312804621957,126.97294697339159,106.74264585953024,,,,,,,
94,,1519,,,,,,,,,,12.60920366636526,12.60920366636526,,,,,,,,3.285684138652891,5.863908445438142,3.5509440528351415,65.55474104622154,123.1420773541995,73.01076571512388,65.55474104622154,,,,,,,
94,,1519,,,,,,,,,,,,,,,,,,,,,,,,,,9.50203533723871,22.051469463925855,11.972344178202565,170.0199242938974,463.0808587424435,218.62932948822655,170.0199242938974
94,,1519,,,,,,,,20.675004604187336,20.675004604187336,,,3.726837535616707,10.853062259984767,4.546977524046863,68.47735918954127,217.0612451996949,84.78055978163188,68.47735918954127,,,,,,,,,,,,,,
,0.000648,1520,,,,,,,,,,,,,,,,,,,,,,,,,,,,,,,,
95,,1529,,,,,,,,,,19.36429750952644,19.36429750952644,,,,,,,,3.7444338665494454,6.174176138043094,4.400488326257262,68.22594094707202,123.92359439963366,80.76022483137635,68.22594094707202,,,,,,,
95,,1535,,,,,,,,,,,,,,,,,,,,,,,,,,9.481281268651411,22.02375500919368,11.938717686697357,169.70459738878944,462.49885519306736,218.11729247681066,169.70459738878944
95,,1535,,,,,,,,21.00504793757947,21.00504793757947,,,3.8208470292497294,11.903211370953386,4.583126437005581,70.03529154545201,238.0642274190668,85.35864192285479,70.03529154545201,,,,,,,,,,,,,,
,0.000648,1536,,,,,,,,,,,,,,,,,,,,,,,,,,,,,,,,
96,,1539,,,,,,,,,,42.8838832409876,42.8838832409876,,,,,,,,5.544812571373723,10.074314627479794,6.548578719156364,90.32914541936552,181.3376632946347,111.09472898994478,90.32914541936552,,,,,,,
96,,1549,,,,,,,,,,42.642916979171325,42.642916979171325,,,,,,,,6.361647091903341,8.08242689719009,6.530154437620241,123.31125093934133,166.48713950515594,128.08226903016578,123.31125093934133,,,,,,,
96,,1551,,,,,,,,,,,,,,,,,,,,,,,,,,9.470683226794893,21.943904672252984,11.907500809931513,169.54998856678338,460.82199811731334,217.57046103070707,169.54998856678338
96,,1551,,,,,,,,23.209705799473006,23.209705799473006,,,3.938541689869966,12.260256766637212,4.817645254631458,71.40887589012965,245.20513533274425,88.76696860699353,71.40887589012965,,,,,,,,,,,,,,
,0.0003888,1552,,,,,,,,,,,,,,,,,,,,,,,,,,,,,,,,
97,,1559,,,,,,,,,,34.61896693487887,34.61896693487887,,,,,,,,4.711458245161225,10.944542614732427,5.883788484886151,83.21785414166952,186.05722445045285,102.49844646747317,83.21785414166952,,,,,,,
97,,1567,,,,,,,,,,,,,,,,,,,,,,,,,,9.472409391215086,22.021226542019576,11.919507977191987,169.5882759195036,462.4457573824111,217.8308341590145,169.5882759195036
97,,1567,,,,,,,,20.179993996330577,20.179993996330577,,,3.7368305560366926,11.69943699113577,4.492214820812844,69.0774451602562,233.9887398227147,84.79102044900227,69.0774451602562,,,,,,,,,,,,,,
,0.0003888,1568,,,,,,,,,,,,,,,,,,,,,,,,,,,,,,,,
98,,1569,,,,,,,,,,23.87736828508391,23.87736828508391,,,,,,,,4.380670981106414,7.817187078817142,4.886447409425779,83.2357111720521,140.7093674187072,92.27752842518669,83.2357111720521,,,,,,,
98,,1579,,,,,,,,,,4.201475665645271,4.201475665645271,,,,,,,,1.5283665606013757,3.9295337050556327,2.04975014712654,28.37145750843738,58.94300557583483,35.56939028336207,28.37145750843738,,,,,,,
98,,1583,,,,,,,,,,,,,,,,,,,,,,,,,,9.476854367965814,21.954269516739373,11.915474056120692,169.63389295035432,461.0396598515272,217.62470404681227,169.63389295035432
98,,1583,,,,,,,,19.5733042509732,19.5733042509732,,,3.593928918226085,10.956729511345884,4.4241727193875695,65.74288887091394,216.1978447106303,82.62048620882943,65.74288887091394,,,,,,,,,,,,,,
,0.0003888,1584,,,,,,,,,,,,,,,,,,,,,,,,,,,,,,,,
99,,1589,,,,,,,,,,26.125520817208177,26.125520817208177,,,,,,,,4.037974564211663,7.836885261172938,5.111313022815975,85.23263003376232,191.13812909231638,110.39859502185347,85.23263003376232,,,,,,,
99,,1599,,,,,,,,,,38.31499713320485,38.31499713320485,,,,,,,,5.333092936472008,11.16482600327629,6.189910914803609,91.86878226550508,189.80204205569862,106.00280494270332,91.86878226550508,,,,,,,
99,,1599,,,,,,,,,,,,,,,,,,,,,,,,,,9.468468818846498,21.974271385616987,11.901621327030945,169.5328332592031,461.4596990979571,217.47557369590294,169.5328332592031
99,,1599,,,,,,,,19.69025448048843,19.69025448048843,,,3.6910302893231055,11.16482600327629,4.437370221255877,67.88264753679714,219.8237086938243,83.12067386833793,67.88264753679714,,,,,,,,,,,,,,
,0.0003888,1600,,,,,,,,,,,,,,,,,,,,,,,,,,,,,,,,
100,,1609,,,,,,,,,,5.633088024909195,5.633088024909195,,,,,,,,2.009214498102483,3.35364756895558,2.373412738001799,37.953886877815236,70.40430239199486,45.93659007342122,37.953886877815236,,,,,,,
100,,1615,,,,,,,,,,,,,,,,,,,,,,,,,,9.470434009175467,21.982176783694285,11.904281802518343,169.56673179276677,461.62571245758045,217.5145796547394,169.56673179276677
100,,1615,,,,,,,,19.493222077906573,19.493222077906573,,,3.6390842139009036,11.61364219597931,4.415112917911225,66.86587516494315,213.372371520436,82.74369968294133,66.86587516494315,,,,,,,,,,,,,,
101,,1616,11.930056950946476,20.040432742440885,13.50472421503901,202.18322492117312,360.7277893639366,228.54407689770423,202.18322492117312,,,,,,,,,,,,,,,,,,,,,,,,,
